Company,Industry,Website,SearchPhrase,WhyItFits,OfferIdea,Priority,ProspectType
B2B LAB,Agencja marketingu B2B,https://b2blab.pl/,B2B LAB CEO LinkedIn,Obsługuje kampanie i projekty B2B wymagające spójnego raportowania wyników,Partnerski dashboard Power BI dla kampanii leadów i rentowności klientów,A,Partner
AdWise,Agencja marketingu B2B,https://adwise.pl/,AdWise CEO LinkedIn,Łączy marketing i sprzedaż B2B co tworzy wiele źródeł danych do analizy,Dashboard lejka marketingowo-sprzedażowego dla klientów agencji,A,Partner
Brand New Brand,Agencja marketingu B2B,https://brandnewbrand.pl/,Brand New Brand Founder LinkedIn,Prowadzi marketing B2B i może potrzebować czytelnych raportów dla wielu klientów,Automatyczny raport KPI kampanii i projektów klienckich,A,Partner
Agencja WMR,Agencja marketingu B2B,https://agencjawmr.pl/,Agencja WMR właściciel LinkedIn,Realizuje działania marketingowe B2B z mierzalnymi wynikami dla klientów,Dashboard Power BI łączący kampanie leady i sprzedaż,A,Partner
Wild Moose,Agencja marketingu B2B,https://wildmoose.pl/,Wild Moose Founder LinkedIn,Specjalizacja B2B sprzyja partnerskiej analityce kampanii i lejka sprzedaży,White-label dashboard marketingu i sprzedaży dla klientów,A,Partner
Konvertia,Lead generation B2B,https://konvertia.pl/,Konvertia CEO LinkedIn,Generowanie leadów wymaga bieżącego pomiaru jakości konwersji i kosztów,Dashboard KPI lead generation z podziałem na klientów i kanały,A,Partner
G2M,Lead generation B2B,https://www.g2magency.pl/,G2M Agency CEO LinkedIn,Praca na leadach B2B tworzy naturalną potrzebę raportowania lejka i skuteczności,Automatyczny raport leadów konwersji i wyników kampanii,A,Partner
Growify,Lead generation B2B,https://growify.pl/,Growify Founder LinkedIn,Skalowanie pozyskiwania klientów opiera się na danych z wielu narzędzi,Dashboard Power BI do monitorowania leadów i pipeline sprzedaży,A,Partner
Growmatic,Lead generation B2B,https://growmatic.pl/,Growmatic CEO LinkedIn,Procesy outbound i automatyzacje tworzą dane wymagające wspólnego widoku,Panel KPI kampanii outbound i jakości szans sprzedażowych,A,Partner
InStream Group,Lead generation B2B,https://instreamgroup.com/,InStream Group CEO LinkedIn,Usługi cold email i lead generation wymagają raportowania wyników per klient,Dashboard kampanii outbound z konwersją i rentownością,A,Partner
mBridge,Agencja performance marketing,https://www.mbridge.pl/,mBridge CEO LinkedIn,Wiele kanałów płatnych i klientów oznacza złożone raportowanie efektywności,Dashboard Power BI kampanii budżetów i ROAS dla klientów,A,Partner
Cube Group,Agencja performance marketing,https://cubegroup.pl/,Cube Group CEO LinkedIn,Duża liczba kampanii i źródeł danych sprzyja automatyzacji raportów,Spójny dashboard performance z kosztami konwersją i marżą,A,Partner
Target PRO,Outsourcing sprzedaży,https://targetpro.pl/,Target PRO dyrektor operacyjny LinkedIn,Zespoły terenowe i projekty sprzedażowe generują dużo danych operacyjnych,Dashboard realizacji celów sprzedaży zespołów i projektów,A,Klient
DealMakers,Outsourcing sprzedaży,https://www.deal-makers.pl/,DealMakers Founder LinkedIn,Outsourcing sprzedaży wymaga przejrzystego pipeline i raportów dla klientów,Dashboard pipeline aktywności i wyników handlowców,A,Partner
BBM Group,Outsourcing sprzedaży,https://bbmsa.pl/,BBM Group dyrektor sprzedaży LinkedIn,Procesy telesprzedaży i obsługi kampanii wymagają kontroli KPI,Panel Power BI wyników kampanii i produktywności zespołów,A,Klient
eVolpe,Konsulting CRM,https://evolpe.pl/,eVolpe CEO LinkedIn,Wdrożenia CRM tworzą możliwość partnerskiego rozszerzenia oferty o analitykę,Dashboard Power BI nad danymi CRM jako usługa partnerska,A,Partner
SelleroGroup,Konsulting CRM,https://sellerogroup.pl/,SelleroGroup CEO LinkedIn,Doradztwo sprzedażowe i CRM dobrze uzupełnia warstwa raportowa i porządkowanie danych,Partnerski dashboard pipeline prognoz i KPI sprzedaży,A,Partner
6Minded,HubSpot i Pipedrive consulting,https://www.6minded.com/,6Minded CEO LinkedIn,Wdrożenia HubSpot i RevOps opierają się na jakości danych i raportowaniu przychodów,Power BI dla danych HubSpot i raportowania RevOps,A,Partner
BusinessWeb,HubSpot i Pipedrive consulting,https://www.businessweb.pl/,BusinessWeb CEO LinkedIn,Integruje HubSpot z ERP i pracuje na danych sprzedaży oraz klientów,Dashboard zarządczy łączący HubSpot z danymi ERP,A,Partner
AutomateNow,HubSpot i Pipedrive consulting,https://www.automatenow.pl/,AutomateNow CEO LinkedIn,Buduje procesy sprzedaży w HubSpot które można rozszerzyć o niezależną analitykę,Dashboard pipeline forecastu i aktywności handlowców,A,Partner
Elead,HubSpot i Pipedrive consulting,https://elead.pl/,Elead CEO LinkedIn,Wdrożenia HubSpot generują zapotrzebowanie na raporty dopasowane do zarządu,White-label dashboard Power BI dla klientów HubSpot,A,Partner
DigitPoint,HubSpot i Pipedrive consulting,https://www.digitpoint.pl/,DigitPoint CEO LinkedIn,Wdrożenia Pipedrive i HubSpot wymagają porządkowania danych oraz raportów,Dashboard Power BI dla pipeline i danych CRM klientów,A,Partner
Sunscrapers,Software house,https://sunscrapers.com/,Sunscrapers CEO LinkedIn,Specjalizacja w danych i AI daje potencjał do współpracy przy mniejszych projektach BI,Partnerskie wsparcie Power BI i automatyzacji raportów,A,Partner
OZEOS,Energia i OZE B2B,https://ozeos.pl/,OZEOS dyrektor sprzedaży B2B LinkedIn,Sprzedaż energii i obsługa firm wymagają kontroli ofert umów i zużycia,Dashboard sprzedaży B2B portfela klientów i kontraktów,A,Klient
EasyOZE,Energia i OZE B2B,https://easyoze.pl/,EasyOZE dyrektor sprzedaży LinkedIn,Proces ofertowania i realizacji instalacji OZE tworzy mierzalny pipeline projektów,Dashboard leadów ofert sprzedaży i realizacji instalacji,A,Klient
Centrum OZE,Energia i OZE B2B,https://coze.pl/,Centrum OZE dyrektor sprzedaży B2B LinkedIn,Oferta energii dla firm opiera się na danych handlowych i wielu etapach obsługi,Panel KPI ofert kontraktów i wyników sprzedaży B2B,A,Klient
OZE Sales,Energia i OZE B2B,https://ozesales.pl/,OZE Sales CEO LinkedIn,Obsługa wytwórców OZE wymaga raportowania wolumenów kontraktów i rozliczeń,Dashboard portfela wytwórców energii i wyników handlowych,A,Klient
Incom Group,Dystrybucja B2B,https://www.incomgroup.pl/,Incom Group dyrektor sprzedaży LinkedIn,Dystrybucja IT obejmuje szerokie portfolio klientów produktów i zamówień,Dashboard sprzedaży marży klientów i kategorii produktowych,A,Klient
eoptimo Distribution Group,Dystrybucja B2B,https://eoptimo.pl/,eoptimo Distribution Group CEO LinkedIn,Dynamiczna dystrybucja elektroniki wymaga kontroli sprzedaży marż i rotacji,Panel Power BI sprzedaży marży zapasów i klientów B2B,A,Klient
321 GROW,Szkolenia B2B,https://321grow.pl/,321 GROW CEO LinkedIn,Programy rozwojowe dla firm tworzą pipeline sprzedaży i portfel projektów,Dashboard leadów sprzedaży projektów i rentowności szkoleń,A,Klient
Projekt Gamma,Szkolenia B2B,https://www.projektgamma.pl/,Projekt Gamma dyrektor sprzedaży LinkedIn,Szeroka oferta i duża liczba projektów szkoleniowych wymagają spójnych KPI,Dashboard sprzedaży realizacji i rentowności programów szkoleniowych,A,Klient
Talent Place,Agencja rekrutacyjna,https://talentplace.pl/,Talent Place CEO LinkedIn,Społecznościowy model rekrutacji generuje dane o klientach projektach i kandydatach,Dashboard projektów rekrutacyjnych źródeł kandydatów i marży,A,Klient
Emerald Media,Agencja marketingu B2B,https://emeraldmedia.pl/,Emerald Media CEO LinkedIn,Prowadzi działania B2B które można raportować w jednym widoku zarządczym,Dashboard KPI kampanii klientów i obciążenia zespołu,B,Partner
Clipatize,Agencja marketingu B2B,https://www.clipatize.com/pl,Clipatize CEO LinkedIn,Obsługuje złożone projekty B2B i może korzystać z raportów projektowych oraz sprzedażowych,Panel wyników projektów kampanii i pipeline agencji,B,Partner
RNS Grupa,Agencja marketingu B2B,https://rnsgrupa.pl/,RNS Grupa CEO LinkedIn,Wiele usług i projektów marketingowych oznacza rozproszone dane o wynikach,Dashboard sprzedaży projektów i rentowności klientów,B,Partner
NEXT LEAP,Agencja marketingu B2B,https://studionext.pl/,NEXT LEAP Founder LinkedIn,Realizuje marketing B2B i może potrzebować automatycznych raportów dla klientów,White-label raport kampanii leadów i efektów sprzedażowych,B,Partner
Moovi,Agencja marketingu B2B,https://moovi.pl/,Moovi CEO LinkedIn,Obsługa klientów B2B daje przestrzeń do uporządkowania danych kampanii i projektów,Dashboard KPI marketingu oraz rentowności klientów,B,Partner
Leadobase,Lead generation B2B,https://leadobase.com/,Leadobase CEO LinkedIn,Usługi pozyskiwania leadów wymagają jasnego raportowania jakości baz i konwersji,Panel jakości leadów wyników kampanii i konwersji,B,Partner
Growth Lead,Lead generation B2B,https://growthlead.pl/,Growth Lead Founder LinkedIn,Wzrost sprzedaży klientów jest mierzony danymi z kampanii i CRM,Dashboard lejka leadów sprzedaży i kosztu pozyskania,B,Partner
WBIZNES,Lead generation B2B,https://strategiawbiznes.pl/generowanie-leadow-b2b/,WBIZNES CEO LinkedIn,Generowanie leadów B2B można wzmocnić czytelnym raportem wyników dla klientów,Automatyczny raport leadów spotkań i szans sprzedaży,B,Partner
Bluerank,Agencja performance marketing,https://www.bluerank.com/,Bluerank managing director LinkedIn,Zaawansowane kampanie cyfrowe korzystają z wielu platform i metryk,Dashboard zarządczy performance i efektywności budżetów,B,Partner
Whites,Agencja performance marketing,https://www.agencjawhites.pl/,Whites CEO LinkedIn,Analityka kampanii i klientów może być prezentowana w spójnym raporcie Power BI,Panel KPI kampanii contentu i wyników biznesowych,B,Partner
SalesTube,Agencja performance marketing,https://salestube.tech/,SalesTube managing director LinkedIn,Duża skala działań mediowych tworzy potrzebę agregacji kosztów i efektów,Dashboard kampanii mediowych konwersji i ROAS,B,Partner
PromoTraffic,Agencja performance marketing,https://promotraffic.pl/,PromoTraffic CEO LinkedIn,Wiele kanałów performance wymaga regularnego raportowania efektywności dla klientów,Automatyczny raport budżetów konwersji i wyników kampanii,B,Partner
Performance Media,Agencja performance marketing,https://performancemedia.pl/,Performance Media CEO LinkedIn,Obsługa kampanii cyfrowych tworzy rozproszone dane kosztowe i sprzedażowe,Dashboard Power BI kosztów wyników i rentowności kampanii,B,Partner
Tigers,Agencja performance marketing,https://www.tigers.pl/,Tigers CEO LinkedIn,Rosnąca agencja może korzystać ze wspólnego widoku KPI klientów i zespołów,Panel KPI kampanii portfela klientów i rentowności,B,Partner
Harbingers,Agencja performance marketing,https://harbingers.io/,Harbingers CEO LinkedIn,Skalowanie sprzedaży internetowej opiera się na raportach z wielu kanałów i klientów,Dashboard performance sprzedaży i efektywności budżetów,B,Partner
Arteria,Outsourcing sprzedaży,https://arteria.pl/,Arteria dyrektor operacyjny LinkedIn,Duże operacje sprzedażowe i obsługowe generują wiele KPI zespołów i kampanii,Panel zarządczy produktywności konwersji i realizacji celów,B,Klient
Cursor powered by OEX,Outsourcing sprzedaży,https://oexcursor.pl/,Cursor OEX dyrektor sprzedaży LinkedIn,Wsparcie sprzedaży i merchandisingu wymaga raportów z projektów terenowych,Dashboard wykonania wizyt sprzedaży i efektywności zespołów,B,Klient
Sales Fore,Outsourcing sprzedaży,https://www.outsourcing.warszawa.pl/,Sales Fore właściciel LinkedIn,Outsourcing działu handlowego wymaga przejrzystych raportów dla zleceniodawców,Dashboard aktywności handlowców pipeline i wyników klientów,B,Klient
Craftware,Konsulting CRM,https://craftware.com/,Craftware CEO LinkedIn,Projekty CRM i Salesforce można uzupełnić o raportowanie Power BI dla klientów,Partnerska analityka danych CRM i dashboardy zarządcze,B,Partner
Cloudity,Konsulting CRM,https://cloudity.com/pl/,Cloudity managing director LinkedIn,Wdrożenia Salesforce obejmują dane sprzedażowe które często wymagają raportów zarządczych,Dashboard Power BI nad Salesforce i danymi finansowymi,B,Partner
ITrix,Konsulting CRM,https://itrix.pl/,ITrix CEO LinkedIn,Doradztwo CRM tworzy możliwość wdrażania dodatkowych raportów sprzedaży i obsługi,White-label dashboard CRM i automatyzacja raportowania,B,Partner
Nebula Systems,Konsulting CRM,https://nebulasystems.pl/,Nebula Systems CEO LinkedIn,Integracje i systemy CRM wymagają kontroli jakości danych oraz KPI procesów,Panel jakości danych CRM pipeline i konwersji,B,Partner
Codefia,Konsulting CRM,https://www.codefia.pl/,Codefia CEO LinkedIn,Budowa rozwiązań CRM może być rozszerzona o warstwę wizualizacji i raportów,Dashboard Power BI dla danych CRM klientów,B,Partner
MAN Digital,HubSpot i Pipedrive consulting,https://www.man.digital/,MAN Digital CEO LinkedIn,Zaawansowane wdrożenia HubSpot i RevOps wymagają analityki przychodowej,Partnerskie dashboardy Power BI dla złożonych wdrożeń HubSpot,B,Partner
Brandrocket,HubSpot i Pipedrive consulting,https://www.brandrocket.pl/,Brandrocket CEO LinkedIn,Usługi HubSpot dla B2B można uzupełnić o raportowanie między systemami,Dashboard lejka sprzedaży i marketingu z danych HubSpot,B,Partner
The Software House,Software house,https://tsh.io/,The Software House CEO LinkedIn,Duży portfel projektów i klientów wymaga kontroli sprzedaży wykorzystania i marży,Dashboard pipeline projektów i rentowności klientów,B,Partner
Monterail,Software house,https://www.monterail.com/,Monterail CEO LinkedIn,Realizacja produktów cyfrowych tworzy dane o projektach sprzedaży i wykorzystaniu zespołu,Panel sprzedaży projektów wykorzystania i marży,B,Partner
10Clouds,Software house,https://10clouds.com/,10Clouds CEO LinkedIn,Projekty technologiczne dla firm wymagają spójnego raportowania pipeline i rentowności,Dashboard CRM projektów i wyników komercyjnych,B,Partner
Boldare,Software house,https://www.boldare.com/,Boldare CEO LinkedIn,Praca produktowa i zespołowa generuje KPI sprzedaży projektów i alokacji,Panel Power BI portfela projektów i wyników klientów,B,Partner
Droids On Roids,Software house,https://www.thedroidsonroids.com/,Droids On Roids CEO LinkedIn,Software house może potrzebować automatycznych raportów sprzedaży i delivery,Dashboard pipeline projektów wykorzystania zespołu i marży,B,Partner
Brainhub,Software house,https://brainhub.eu/,Brainhub CEO LinkedIn,Usługi inżynierii oprogramowania opierają się na sprzedaży projektowej i mierzeniu marży,Panel KPI sprzedaży projektów i rentowności,B,Partner
Merixstudio,Software house,https://www.merixstudio.com/,Merixstudio CEO LinkedIn,Wiele projektów cyfrowych oznacza dane w CRM narzędziach projektowych i finansach,Dashboard łączący pipeline delivery i rentowność klientów,B,Partner
itCraft,Software house,https://itcraftapps.com/,itCraft CEO LinkedIn,Projekty web i mobile tworzą potrzebę raportowania sprzedaży wykorzystania i budżetów,Panel Power BI sprzedaży projektów i wykorzystania zespołu,B,Partner
Apptension,Software house,https://apptension.com/,Apptension CEO LinkedIn,Rozwój produktów cyfrowych wymaga kontroli pipeline projektów i efektywności komercyjnej,Dashboard pipeline projektów i marż klientów,B,Partner
Respect Energy,Energia i OZE B2B,https://respect.energy/,Respect Energy dyrektor sprzedaży B2B LinkedIn,Sprzedaż zielonej energii dla biznesu tworzy rozbudowany portfel umów i klientów,Dashboard portfela klientów kontraktów wolumenów i sprzedaży,B,Klient
Enefit Polska,Energia i OZE B2B,https://enefit.pl/,Enefit Polska dyrektor sprzedaży B2B LinkedIn,Oferta energii dla firm wymaga monitorowania lejka umów i wyników handlowych,Panel sprzedaży B2B kontraktów i portfela klientów,B,Klient
GreenYellow Polska,Energia i OZE B2B,https://www.greenyellow.pl/,GreenYellow Polska dyrektor sprzedaży LinkedIn,Projekty transformacji energetycznej mają długi cykl sprzedaży i wiele etapów realizacji,Dashboard pipeline projektów ofert i realizacji inwestycji,B,Klient
EDP Energia Polska,Energia i OZE B2B,https://edpenergia.pl/,EDP Energia Polska dyrektor sprzedaży B2B LinkedIn,Rozwiązania energetyczne dla firm wymagają raportowania leadów ofert i instalacji,Panel KPI sprzedaży projektów OZE i realizacji,B,Klient
ACTION S.A.,Dystrybucja B2B,https://www.action.pl/,ACTION SA dyrektor sprzedaży LinkedIn,Dystrybucja technologii obejmuje dużą liczbę produktów klientów i transakcji,Dashboard sprzedaży marży rotacji i segmentów klientów,B,Klient
TIM,Dystrybucja B2B,https://www.tim.pl/,TIM dyrektor sprzedaży B2B LinkedIn,Hurtownia internetowa generuje bogate dane o klientach produktach i zamówieniach,Panel Power BI sprzedaży marży koszyka i aktywności klientów,B,Klient
Onninen,Dystrybucja B2B,https://onninen.pl/,Onninen dyrektor sprzedaży LinkedIn,Szeroka dystrybucja instalacyjna wymaga analizy sprzedaży klientów oddziałów i produktów,Dashboard sprzedaży marży klientów i kategorii,B,Klient
Solar Polska,Dystrybucja B2B,https://solar.pl/,Solar Polska dyrektor sprzedaży LinkedIn,Zaopatrzenie B2B tworzy wiele danych handlowych produktowych i logistycznych,Panel wyników sprzedaży marży i aktywności klientów,B,Klient
Kaczmarek Electric,Dystrybucja B2B,https://www.kaczmarekelectric.pl/,Kaczmarek Electric dyrektor sprzedaży LinkedIn,Sieć hurtowni elektrycznych wymaga spójnych raportów oddziałów produktów i klientów,Dashboard sprzedaży oddziałów marży i rotacji produktów,B,Klient
House of Skills,Szkolenia B2B,https://www.houseofskills.pl/,House of Skills dyrektor sprzedaży LinkedIn,Programy rozwojowe dla biznesu tworzą wiele projektów klientów i etapów sprzedaży,Dashboard pipeline projektów realizacji i rentowności,B,Klient
ICAN Institute,Szkolenia B2B,https://www.ican.pl/,ICAN Institute dyrektor sprzedaży LinkedIn,Oferta edukacyjna dla liderów wymaga kontroli sprzedaży programów i segmentów klientów,Panel sprzedaży programów frekwencji i przychodów B2B,B,Klient
Altkom Akademia,Szkolenia B2B,https://www.altkomakademia.pl/,Altkom Akademia dyrektor sprzedaży LinkedIn,Szeroki katalog szkoleń i projekty dla firm generują rozproszone dane sprzedażowe,Dashboard sprzedaży szkoleń realizacji i rentowności klientów,B,Klient
ADN Akademia,Szkolenia B2B,https://www.adnakademia.pl/,ADN Akademia dyrektor sprzedaży LinkedIn,Wiele kursów i klientów biznesowych wymaga raportowania sprzedaży i realizacji,Panel KPI zapisów sprzedaży programów i przychodów,B,Klient
EY Academy of Business,Szkolenia B2B,https://www.academyofbusiness.pl/,EY Academy of Business dyrektor sprzedaży LinkedIn,Programy dla firm tworzą pipeline klientów i dane o realizacji wielu szkoleń,Dashboard sprzedaży programów uczestników i rentowności,B,Klient
Antal,Agencja rekrutacyjna,https://antal.pl/,Antal dyrektor sprzedaży LinkedIn,Wiele specjalizacji i projektów rekrutacyjnych wymaga spójnych KPI operacyjnych,Dashboard projektów klientów kandydatów i marży,B,Klient
Devire,Agencja rekrutacyjna,https://devire.pl/,Devire dyrektor sprzedaży LinkedIn,Rekrutacja i outsourcing generują dane o projektach klientach konsultantach i przychodach,Panel pipeline rekrutacji realizacji projektów i rentowności,B,Klient
Grafton Recruitment Polska,Agencja rekrutacyjna,https://pl.grafton.com/pl,Grafton Polska dyrektor sprzedaży LinkedIn,Duży portfel rekrutacji wymaga monitorowania czasu realizacji konwersji i klientów,Dashboard rekrutacji źródeł kandydatów i skuteczności projektów,B,Klient
LeasingTeam Group,Agencja rekrutacyjna,https://leasingteam.pl/,LeasingTeam Group dyrektor sprzedaży LinkedIn,Usługi pracy tymczasowej i HR wymagają kontroli projektów zatrudnienia i marż,Panel KPI projektów zatrudnienia klientów i rentowności,B,Klient
HRK,Agencja rekrutacyjna,https://www.hrk.pl/,HRK dyrektor sprzedaży LinkedIn,Doradztwo HR i rekrutacja projektowa tworzą dane o klientach kandydatach i wynikach,Dashboard pipeline projektów konwersji kandydatów i przychodów,B,Klient
OEX Group,Outsourcing sprzedaży,https://www.oexgroup.com/pl,OEX Group dyrektor operacyjny LinkedIn,Grupa prowadzi duże operacje sprzedażowe z rozbudowanym raportowaniem projektowym,Dashboard zarządczy projektów sprzedaży kosztów i KPI,C,Klient
Netguru,Software house,https://www.netguru.com/,Netguru sales director LinkedIn,Globalny portfel usług technologicznych generuje złożone dane sprzedażowe i projektowe,Dashboard sprzedaży portfela projektów i rentowności,C,Partner
STX Next,Software house,https://www.stxnext.com/,STX Next sales director LinkedIn,Duża organizacja projektowa wymaga kontroli pipeline wykorzystania zespołów i marży,Panel zarządczy sprzedaży delivery i rentowności,C,Partner
Future Processing,Software house,https://www.future-processing.com/,Future Processing sales director LinkedIn,Skala projektów i klientów tworzy rozbudowane potrzeby analityki komercyjnej,Dashboard portfela klientów projektów i prognozy sprzedaży,C,Partner
Miquido,Software house,https://www.miquido.com/,Miquido sales director LinkedIn,Wiele projektów i rynków wymaga spójnego raportowania sprzedaży delivery i finansów,Panel Power BI pipeline projektów i rentowności,C,Partner
Spyrosoft,Software house,https://spyro-soft.com/,Spyrosoft sales director LinkedIn,Duża grupa technologiczna zarządza wieloma klientami branżami i jednostkami,Dashboard sprzedaży projektów jednostek biznesowych i marży,C,Partner
Polenergia Obrót,Energia i OZE B2B,https://polenergia-obrot.pl/,Polenergia Obrót dyrektor sprzedaży B2B LinkedIn,Duży portfel klientów biznesowych i produktów energii wymaga zaawansowanej analityki,Panel portfela kontraktów wolumenów i wyników sprzedaży,C,Klient
Axpo Polska,Energia i OZE B2B,https://www.axpo.com/pl/pl.html,Axpo Polska dyrektor sprzedaży B2B LinkedIn,Oferta energii dla biznesu tworzy wiele danych kontraktowych handlowych i produktowych,Dashboard sprzedaży kontraktów klientów i wolumenów,C,Klient
AB S.A.,Dystrybucja B2B,https://www.ab.pl/,AB SA dyrektor sprzedaży LinkedIn,Bardzo szeroka dystrybucja IT generuje duże wolumeny danych produktowych i handlowych,Panel zarządczy sprzedaży marży zapasów i klientów,C,Klient
ALSO Polska,Dystrybucja B2B,https://www.also.com/ec/cms5/pl_2100/2100/,ALSO Polska dyrektor sprzedaży LinkedIn,Międzynarodowa dystrybucja technologii wymaga raportowania kanałów partnerów i produktów,Dashboard wyników kanałów sprzedaży marży i portfolio,C,Klient
Würth Polska,Dystrybucja B2B,https://www.wurth.pl/,Würth Polska dyrektor sprzedaży LinkedIn,Rozbudowana sprzedaż B2B obejmuje wielu klientów handlowców i kategorii produktów,Panel Power BI sprzedaży handlowców klientów i marż,C,Klient
Hays Poland,Agencja rekrutacyjna,https://www.hays.pl/,Hays Poland managing director LinkedIn,Duża skala rekrutacji tworzy wiele danych o klientach projektach i kandydatach,Dashboard skuteczności rekrutacji klientów i przychodów,C,Klient
Michael Page Polska,Agencja rekrutacyjna,https://www.michaelpage.pl/,Michael Page Polska managing director LinkedIn,Specjalistyczne rekrutacje wymagają monitorowania pipeline kandydatów i wyników zespołów,Panel projektów rekrutacyjnych konwersji i przychodów,C,Klient
Randstad Polska,Agencja rekrutacyjna,https://www.randstad.pl/,Randstad Polska dyrektor sprzedaży LinkedIn,Szeroki zakres usług HR generuje rozbudowane dane operacyjne i handlowe,Dashboard projektów zatrudnienia klientów i efektywności,C,Klient
ManpowerGroup Polska,Agencja rekrutacyjna,https://manpowergroup.pl/,ManpowerGroup Polska dyrektor sprzedaży LinkedIn,Duża organizacja HR potrzebuje spójnego obrazu sprzedaży projektów i realizacji usług,Panel KPI klientów projektów zatrudnienia i rentowności,C,Klient
